{"sources":[{"type":"single","resource":"block/dark_oak_planks"},{"type":"single","resource":"item/chainmail_boots"},{"type":"single","resource":"item/chainmail_chestplate"},{"type":"single","resource":"item/chainmail_helmet"},{"type":"single","resource":"item/chainmail_leggings"},{"type":"single","resource":"item/diamond_horse_armor"},{"type":"single","resource":"item/elytra"},{"type":"single","resource":"item/netherite_axe"},{"type":"single","resource":"item/netherite_hoe"},{"type":"single","resource":"item/netherite_pickaxe"},{"type":"single","resource":"item/netherite_shovel"},{"type":"single","resource":"item/netherite_sword"},{"type":"single","resource":"nexo:2b17cc84-8abb-43af-8df5-f999892a51fe"},{"type":"single","resource":"nexo:2b17cc84-8abb-43af-8df5-f999892a51fe"},{"type":"single","resource":"nexo:cc0ee5d6-dce8-4943-84ea-c6d2613dd3a8"},{"type":"single","resource":"nexo:cc0ee5d6-dce8-4943-84ea-c6d2613dd3a8"},{"type":"single","resource":"nexo:6a31b3b4-1efa-462c-a3b9-af7694ee9cc2"},{"type":"single","resource":"nexo:6a31b3b4-1efa-462c-a3b9-af7694ee9cc2"},{"type":"single","resource":"nexo:549f40d7-5f8b-481b-9455-84523c3bced3"},{"type":"single","resource":"nexo:2af8819e-cea9-4f05-8154-f3b1243c1789"},{"type":"single","resource":"nexo:2af8819e-cea9-4f05-8154-f3b1243c1789"},{"type":"single","resource":"nexo:910e30fe-3797-4c31-9c36-b769f26ad654"},{"type":"single","resource":"nexo:910e30fe-3797-4c31-9c36-b769f26ad654"},{"type":"single","resource":"nexo:82dea935-0e38-479b-91a5-fed32aac3eb8"},{"type":"single","resource":"nexo:82dea935-0e38-479b-91a5-fed32aac3eb8"},{"type":"single","resource":"nexo:6018a382-9577-435e-8aba-bc6be7b45956"},{"type":"single","resource":"nexo:6018a382-9577-435e-8aba-bc6be7b45956"},{"type":"single","resource":"nexo:09c58c2f-c523-431f-b856-b13d1e6ff915"},{"type":"single","resource":"nexo:8cea4dbb-d0c2-482d-9b8e-4e01930b6394"},{"type":"single","resource":"nexo:c5aa68ef-e0f0-4ede-b0da-f31929580291"},{"type":"single","resource":"nexo:6839d37e-f544-407f-9bef-9408d69001fe"},{"type":"single","resource":"nexo:aee6d3b3-000f-447d-9240-f8f6cd307022"},{"type":"single","resource":"nexo:aee6d3b3-000f-447d-9240-f8f6cd307022"},{"type":"single","resource":"nexo:2583102a-f10f-499a-bd9b-2f4ddc080b2e"},{"type":"single","resource":"nexo:2583102a-f10f-499a-bd9b-2f4ddc080b2e"},{"type":"single","resource":"nexo:6243e4b5-140b-48ce-9aa9-ec1bd497025e"},{"type":"single","resource":"nexo:a829876a-c67e-4744-8b21-d525ec385672"},{"type":"single","resource":"nexo:740ac0af-714d-4436-a216-9e053f4f5817"},{"type":"single","resource":"nexo:740ac0af-714d-4436-a216-9e053f4f5817"},{"type":"single","resource":"nexo:d3725095-d6d5-47a4-b8ef-1098b66599c2"},{"type":"single","resource":"nexo:d3725095-d6d5-47a4-b8ef-1098b66599c2"},{"type":"single","resource":"nexo:d3725095-d6d5-47a4-b8ef-1098b66599c2"},{"type":"single","resource":"nexo:aa7e8200-00a9-490b-a589-6564a868f0be"},{"type":"single","resource":"nexo:00477522-b66d-4db3-8711-d067f95ceab7"},{"type":"single","resource":"nexo:61846894-e1e8-437a-9dac-3303b86b02d6"},{"type":"single","resource":"nexo:72264fa5-ac8a-4422-98ef-23982dfba3dd"},{"type":"single","resource":"nexo:6528c121-e0ba-443a-a960-149d91452cca"},{"type":"single","resource":"nexo:374c4bf2-babd-4a37-8bc3-02cef9a7182d"},{"type":"single","resource":"nexo:4834852d-8c65-4258-8ac3-2f422c7bc8ee"},{"type":"single","resource":"nexo:4834852d-8c65-4258-8ac3-2f422c7bc8ee"},{"type":"single","resource":"nexo:535d0208-a10b-4fae-ab37-019b13506f8a"},{"type":"single","resource":"nexo:f39c2f37-db9f-4aaf-a2ce-8d57ee1b3f4c"},{"type":"single","resource":"nexo:c327810f-cfbf-4a4b-a5b5-2acfd4fa1f45"},{"type":"single","resource":"nexo:a486cc7f-40d4-422a-9dba-4dff8c831e55"},{"type":"single","resource":"nexo:a486cc7f-40d4-422a-9dba-4dff8c831e55"},{"type":"single","resource":"nexo:c88a4f5f-e729-47ff-84e1-d50dce6dc496"},{"type":"single","resource":"nexo:c88a4f5f-e729-47ff-84e1-d50dce6dc496"},{"type":"single","resource":"nexo:5ed5381e-16a9-45a7-9392-c92f892349c0"},{"type":"single","resource":"nexo:5ed5381e-16a9-45a7-9392-c92f892349c0"},{"type":"single","resource":"nexo:36fdfe16-9a3e-42bc-ba88-de6ab173dbbc"},{"type":"single","resource":"nexo:7ddda6b2-1b8f-4b50-89d1-d6ef081052bb"},{"type":"single","resource":"nexo:42b58366-6340-4430-99da-90016d7d791f"},{"type":"single","resource":"nexo:42b58366-6340-4430-99da-90016d7d791f"},{"type":"single","resource":"nexo:c71c9740-ede5-420e-b432-628729307785"},{"type":"single","resource":"nexo:fb424a13-19c5-4c2e-a913-cb45d9ff96c3"},{"type":"single","resource":"nexo:4e2b44c6-3ff1-4e41-b9c5-c96970acbfd9"},{"type":"single","resource":"nexo:4e2b44c6-3ff1-4e41-b9c5-c96970acbfd9"},{"type":"single","resource":"item/paper"},{"type":"single","resource":"item/trident"},{"type":"single","resource":"item/wolf_armor"},{"type":"single","resource":"1ad7b047-f863-4874-ab00-38b71c147ea7"},{"type":"single","resource":"1ad7b047-f863-4874-ab00-38b71c147ea7"},{"type":"single","resource":"d357b030-8d9c-4417-9390-320dba1313c4"},{"type":"single","resource":"d357b030-8d9c-4417-9390-320dba1313c4"},{"type":"single","resource":"737edf73-40f3-4e58-b6c4-358c45f88b02"},{"type":"single","resource":"737edf73-40f3-4e58-b6c4-358c45f88b02"}]}