{
  "blend": {
    "func": "add",
    "srcrgb": "srcalpha",
    "dstrgb": "1-srcalpha"
  },
  "vertex": "rendertype_text",
  "fragment": "rendertype_text",
  "attributes": [
    "Position",
    "Color",
    "UV0",
    "UV2"
  ],
  "samplers": [
    {
      "name": "Sampler0"
    },
    {
      "name": "Sampler2"
    }
  ],
  "uniforms": [
    {
      "name": "ModelViewMat",
      "type": "matrix4x4",
      "count": 16,
      "values": [ 1, 0, 0, 0, 0, 1, 0, 0, 0, 0, 1, 0, 0, 0, 0, 1 ]
    },
    {
      "name": "ProjMat",
      "type": "matrix4x4",
      "count": 16,
      "values": [ 1, 0, 0, 0, 0, 1, 0, 0, 0, 0, 1, 0, 0, 0, 0, 1 ]
    },
    {
      "name": "GameTime",
      "type": "float",
      "count": 1,
      "values": [ 0 ]
    },
    {
      "name": "ColorModulator",
      "type": "float",
      "count": 4,
      "values": [ 1, 1, 1, 1 ]
    },
    {
      "name": "FogStart",
      "type": "float",
      "count": 1,
      "values": [ 0 ]
    },
    {
      "name": "FogEnd",
      "type": "float",
      "count": 1,
      "values": [ 1 ]
    },
    {
      "name": "FogColor",
      "type": "float",
      "count": 4,
      "values": [ 0, 0, 0, 0 ]
    }
  ]
}