{"model":{"type":"select","property":"block_state","block_state_property":"connectable","cases":[{"when":"straight","model":{"type":"model","model":"nexo:0a771406-a5be-40d7-817e-d6ca8c10e660","tints":[]}},{"when":"left","model":{"type":"model","model":"nexo:8b237e01-ac89-4f28-ba09-2cc399e0e310","tints":[]}},{"when":"right","model":{"type":"model","model":"nexo:a9eca9e1-a6df-4cbb-b2f3-f85fa3fab9cd","tints":[]}},{"when":"inner","model":{"type":"model","model":"nexo:f155a3fb-5735-4f28-86e6-878c64cbc5d8","tints":[]}},{"when":"outer","model":{"type":"model","model":"nexo:3a0c8048-bcfc-4946-9ec8-5408b5d6625f","tints":[]}}],"fallback":{"type":"model","model":"nexo:83dc4f18-ae46-4fb2-bb63-a2115d33d2e0","tints":[]}}}