{"model":{"type":"condition","property":"broken","on_true":{"type":"range_dispatch","property":"custom_model_data","entries":[{"threshold":1000.0,"model":{"type":"model","model":"81e0d3d9-8905-4602-a22c-0813a0174fff","tints":[]}}],"fallback":{"type":"model","model":"item/elytra_broken","tints":[]}},"on_false":{"type":"range_dispatch","property":"custom_model_data","entries":[{"threshold":1000.0,"model":{"type":"model","model":"81e0d3d9-8905-4602-a22c-0813a0174fff","tints":[]}}],"fallback":{"type":"model","model":"item/elytra","tints":[]}}}}