{"model":{"type":"range_dispatch","property":"custom_model_data","entries":[{"threshold":1000.0,"model":{"type":"model","model":"f316ed71-babe-4d09-a597-10c0a9a526ed","tints":[]}},{"threshold":1001.0,"model":{"type":"model","model":"nexo:85431e00-d8f0-427b-82fd-e00df65fa0d8","tints":[]}},{"threshold":1002.0,"model":{"type":"model","model":"nexo:9075b249-ee17-44d6-9926-ae744230625f","tints":[]}},{"threshold":1003.0,"model":{"type":"model","model":"nexo:11b6d4a5-77ad-4dd8-b7cb-b4dec7ddc4d8","tints":[]}},{"threshold":1004.0,"model":{"type":"model","model":"nexo:fbc4f07e-e8ac-4fa7-a247-1e2d62d80ee6","tints":[]}},{"threshold":1005.0,"model":{"type":"model","model":"nexo:83941e4f-c96f-4827-9208-24f73e89901e","tints":[]}},{"threshold":1006.0,"model":{"type":"model","model":"nexo:9ae3a05b-dcbb-4760-aed3-bda42d4dcd6e","tints":[]}},{"threshold":1007.0,"model":{"type":"model","model":"nexo:70d1d6a5-2247-4b3c-ac4c-819858fba072","tints":[]}},{"threshold":1008.0,"model":{"type":"model","model":"f7519ef4-2970-49be-8133-fca470bf44bd","tints":[]}},{"threshold":1009.0,"model":{"type":"model","model":"975affac-1e64-4bcf-86a2-a1fe6433a124","tints":[]}},{"threshold":1010.0,"model":{"type":"model","model":"3b9c96f4-412d-4bb7-a74a-f38767f0ee3e","tints":[]}}],"fallback":{"type":"model","model":"item/paper","tints":[]}}}