{"model":{"type":"condition","property":"has_component","component":"minecraft:dyed_color","on_true":{"type":"range_dispatch","property":"custom_model_data","entries":[{"threshold":1000.0,"model":{"type":"model","model":"453091dc-c01d-4c31-95b1-8b67c6681682","tints":[]}}],"fallback":{"type":"model","model":"item/wolf_armor_dyed","tints":[{"type":"constant","value":-1},{"type":"dye","default":0}]}},"on_false":{"type":"range_dispatch","property":"custom_model_data","entries":[{"threshold":1000.0,"model":{"type":"model","model":"453091dc-c01d-4c31-95b1-8b67c6681682","tints":[]}}],"fallback":{"type":"model","model":"item/wolf_armor","tints":[]}}}}