{"parent":"item/generated","textures":{"layer0":"item/paper"},"overrides":[{"predicate":{"custom_model_data":1000},"model":"f316ed71-babe-4d09-a597-10c0a9a526ed"},{"predicate":{"custom_model_data":1001},"model":"nexo:85431e00-d8f0-427b-82fd-e00df65fa0d8"},{"predicate":{"custom_model_data":1002},"model":"nexo:9075b249-ee17-44d6-9926-ae744230625f"},{"predicate":{"custom_model_data":1003},"model":"nexo:11b6d4a5-77ad-4dd8-b7cb-b4dec7ddc4d8"},{"predicate":{"custom_model_data":1004},"model":"nexo:fbc4f07e-e8ac-4fa7-a247-1e2d62d80ee6"},{"predicate":{"custom_model_data":1005},"model":"nexo:83941e4f-c96f-4827-9208-24f73e89901e"},{"predicate":{"custom_model_data":1006},"model":"nexo:9ae3a05b-dcbb-4760-aed3-bda42d4dcd6e"},{"predicate":{"custom_model_data":1007},"model":"nexo:70d1d6a5-2247-4b3c-ac4c-819858fba072"},{"predicate":{"custom_model_data":1008},"model":"f7519ef4-2970-49be-8133-fca470bf44bd"},{"predicate":{"custom_model_data":1009},"model":"975affac-1e64-4bcf-86a2-a1fe6433a124"},{"predicate":{"custom_model_data":1010},"model":"3b9c96f4-412d-4bb7-a74a-f38767f0ee3e"}]}