{
   "items":{
      "minecraft:chainmail_chestplate":{
         "custom_model_data":{
            "1000":{
               "armor_layer":{
                  "type":"chestplate",
                  "texture":"textures/models/nexo/textures/item/nexo_armor/forest_armor_layer_1.png",
                  "auto_copy_texture":false
               }
            }
         }
      },
      "minecraft:chainmail_leggings":{
         "custom_model_data":{
            "1000":{
               "armor_layer":{
                  "type":"leggings",
                  "texture":"textures/models/nexo/textures/item/nexo_armor/forest_armor_layer_2.png",
                  "auto_copy_texture":false
               }
            }
         }
      },
      "minecraft:chainmail_boots":{
         "custom_model_data":{
            "1000":{
               "armor_layer":{
                  "type":"boots",
                  "texture":"textures/models/nexo/textures/item/nexo_armor/forest_armor_layer_1.png",
                  "auto_copy_texture":false
               }
            }
         }
      }
   },
   "fonts":{
      "0xa410":{
         "gui":{
            "row":54,
            "offset":[
               0,
               0
            ],
            "size":[
               256,
               256
            ]
         }
      }
   }
}